id;fan_level;priority;jhi_header;jhi_body
1;Rustic Throughway;1080p;systematic Switzerland Granite;copying viral Executive
2;reboot payment;payment District;calculate partnerships Virtual;Officer stable Intelligent
3;alarm compressing;Fresh payment Health;interface;Borders
4;AGP schemas;Specialist 1080p Spur;Sports;Games
5;Table wireless mobile;up withdrawal;Checking Jamahiriya;back-end
6;payment;Investor Global architectures;(E.M.U.-6) scale;Home Barthelemy Card
7;bottom-line;navigate override;GB Avon;payment
8;applications multi-byte;partnerships;Ball Executive;panel Handcrafted
9;ivory Unbranded;Tennessee Franc;override;Industrial Buckinghamshire Account
10;Markets;white Ports Ergonomic;Buckinghamshire withdrawal;driver connecting
